<?xml version="1.0" encoding="UTF-8"?>
<HechosHistoricos>
    <Hecho descripcion="IBM da a conocer el PC.">
        <Fecha>
            <Dia>12</Dia>
            <Mes>8</Mes>
            <Año>1981</Año>
        </Fecha>
    </Hecho>
    <Hecho descripcion="Se funda Google.">
        <Fecha>
            <Dia>4</Dia>
            <Mes>9</Mes>
            <Año>1998</Año>
        </Fecha>
    </Hecho>
    <Hecho descripcion="Se funda Facebook.">
        <Fecha>
            <Dia>4</Dia>
            <Mes>2</Mes>
            <Año>2004</Año>
        </Fecha>
    </Hecho>
</HechosHistoricos>


<!--
    HECHOS HISTÓRICOS
|
|-- Descripción de cada hecho (atributo)
|
|-- Fecha
    |
    |-- Día
    |
    |-- Mes
    |
    |-- Año
-->