<?xml version="1.0" encoding="UTF-8"?>
<ListaDeMarcadores>
    <Marcador>
        <Nombre>Abrirllave</Nombre>
        <Descripcion>Tutoriales de informática.</Descripcion>
        <URL>http://www.abrirllave.com/</URL>
    </Marcador>
    <Marcador>
        <Nombre>Wikipedia</Nombre>
        <Descripcion>La enciclopedia libre.</Descripcion>
        <URL>http://www.wikipedia.org/</URL>
    </Marcador>
    <Marcador>
        <Nombre>W3C</Nombre>
        <Descripcion>World Wide Web Consortium.</Descripcion>
        <URL>http://www.w3.org/</URL>
    </Marcador>
</ListaDeMarcadores>

<!-- 
    LISTA DE MARCADORES
|
|-- Marcador
    |
    |-- Nombre
    |
    |-- Descripción
    |
    |-- URL

-->
