<?xml version="1.0" encoding="UTF-8"?>
<!-- A) -->
<vehiculos>
    <terrestres>
        <vehiculo>bicicleta</vehiculo>
        <vehiculo>coche</vehiculo>
        <vehiculo>tractor</vehiculo>
    </terrestres>
    <acuaticos>
        <vehiculo>canoa</vehiculo>
    </acuaticos>
    <aereos>
        <vehiculo>avioneta</vehiculo>
        <vehiculo>helicóptero</vehiculo>
    </aereos>
</vehiculos>

<!-- B)    
    <?xml version="1.0" encoding="UTF-8"?>
    <triangulos>
        <triangulo base="7" altura="5"/>
        <triangulo base="2" altura="6"/>
        <triangulo base="3" altura="3"/>
    </triangulos>

-->

<!-- C)
    <?xml version="1.0" encoding="UTF-8"?>
    <numeros>
        <numero valor="1" letra1="u" letra2="n" letra3="o">1</numero>
        <numero valor="2" letra1="d" letra2="o" letra3="s">22</numero>
        <numero valor="6" letra1="s" letra2="e" letra3="i" letra4="s">666666</numero>
    </numeros>

-->


